[{
  "id": 1,
  "priority": 1,
  "action": {
    "type": "modifyHeaders",
    "responseHeaders": [{
      "operation": "remove",
      "header": "content-security-policy"
    }, {
      "operation": "remove",
      "header": "content-security-policy-report-only"
    }, {
      "operation": "remove",
      "header": "x-webkit-csp"
    }, {
      "operation": "remove",
      "header": "x-content-security-policy"
    }, {
      "operation": "remove",
      "header": "x-frame-options"
    }]
  },
  "condition": {
    "urlFilter": "*",
    "resourceTypes": ["main_frame", "sub_frame"]
  }
}]